date,num
01,34
02,34
03,77
04,85
05,95
06,74
07,22
08,94
09,66
10,4
02,12
11,45
12,77
13,36
14,69
15,56
16,89
17,7
18,48
03,53
04,36
05,70
06,51
07,70
08,7
09,75
10,13
19,81
20,24
21,10
22,5
23,66
24,14
25,40
26,49
27,65
28,49
29,6
11,99
12,54
13,94
14,97
15,25
16,80
17,63
18,92
19,14
20,92
30,7
31,9
01,98
02,58
07,87
08,56
09,84
10,39
11,99
12,94
21,5
22,23
23,75
24,31
25,92
26,22
27,52
28,59
29,34
13,65
14,22
15,35
16,28
17,49
18,88
19,0
20,92
21,89
30,41
31,42
01,9
02,0
03,56
04,14
05,24
06,84
07,0
22,3
23,6
24,56
25,60
26,0
27,47
28,2
29,31
01,7
08,65
09,99
15,49
16,44
17,50
18,88
19,6
20,70
21,15
02,6
03,98
04,87
05,47
06,46
07,56
08,1
09,84
10,81
11,99
22,3
23,75
24,41
25,27
26,9
27,30
28,21
01,44
02,26
03,55
04,28
12,63
13,6
14,67
15,82
16,62
17,27
18,0
19,75
20,43
05,10
06,64
07,40
08,96
09,97
10,57
11,30
12,10
13,21
21,18
22,42
23,87
24,55
25,56
26,81
27,19
28,57
29,17
14,61
15,89
16,96
17,80
18,55
19,49
20,16
21,45
30,86
31,64
01,31
02,46
03,55
04,55
05,13
06,62
22,21
23,39
24,20
25,37
26,84
27,33
28,48
29,33
30,87
07,19
08,63
09,9
10,55
11,45
12,24
13,86
14,53
31,20
01,33
02,2
03,37
04,73
05,79
06,77
07,92
08,98
09,73
15,61
16,71
17,32
18,4
19,49
20,90
21,4
22,62
23,67
24,92
10,23
11,72
12,46
13,19
14,30
15,15
16,78
17,95
18,6
25,93
26,44
27,60
28,20
29,47
30,98
01,93
02,90
03,80
19,58
20,78
21,86
22,6
23,79
24,0
25,69
26,73
27,22
28,17
29,1
30,16
04,72
05,28
06,87
07,21
08,73
09,30
10,79
11,26
12,82
13,9
01,13
02,58
03,76
04,35
05,16
06,86
07,34
08,19
09,13
10,28
14,63
15,73
16,83
17,70
18,44
19,5
20,83
21,95
22,21
23,23
24,40
11,13
12,79
13,37
14,30
15,4
16,46
17,47
18,27
25,16
26,58
27,93
28,23
29,3
30,53
31,53
01,34
02,2
19,39
20,20
21,48
22,78
23,79
24,87
25,86
26,2
27,36
03,85
04,91
05,47
06,93
07,0
08,54
09,35
10,56
11,79
28,31
29,85
30,64
31,12
01,46
02,49
03,75
04,43
05,44
06,7
12,66
13,28
14,84
15,50
16,1
17,93
18,97
19,64
20,49
21,98
22,86
03,78
07,40
08,66
09,80
10,73
11,22
12,57
13,95
14,29
15,10
16,49
17,49
23,14
24,64
25,81
26,92
27,57
28,64
29,86
30,8
01,72
04,39
05,24
06,76
07,16
08,87
09,67
10,84
11,55
12,51
18,20
19,21
20,82
21,73
22,3
23,17
24,28
25,83
26,67
27,28
28,78
29,91
02,41
03,80
04,45
05,45
06,93
07,11
08,78
09,70
10,18
01,50
13,69
14,64
15,26
16,8
17,18
18,34
19,26
20,40
21,78
22,77
23,63
24,82
25,91
26,40
30,98
01,2
02,50
03,10
04,10
05,38
06,97
07,33
08,9
09,44
10,14
11,45
11,63
12,88
13,45
14,45
15,11
16,78
17,26
18,2
19,54
02,65
03,62
04,0
05,48
06,72
07,47
08,79
09,22
10,91
11,33
12,27
27,21
28,40
29,82
30,3
31,50
01,70
02,19
03,34
04,93
05,31
06,75
07,78
12,78
13,83
14,65
15,45
16,79
17,15
18,21
19,64
20,73
21,31
22,57
23,40
20,22
21,82
22,60
23,35
24,62
25,24
26,24
27,75
28,15
29,41
01,81
13,88
14,21
15,58
16,7
17,65
18,74
19,0
20,18
21,91
22,12
23,12
24,19
25,3
08,36
09,10
10,55
11,97
12,26
13,81
14,44
15,14
18,47
19,55
24,81
25,94
26,98
27,47
28,39
29,54
30,61
31,99
01,16
02,1
03,31
04,88
30,65
31,17
01,70
02,64
03,57
04,40
05,34
06,12
07,70
08,27
02,29
03,68
04,53
05,3
06,55
07,70
08,15
09,60
10,30
26,16
27,85
30,28
31,68
01,34
02,7
03,38
04,13
05,89
06,57
07,81
20,0
21,36
22,6
23,87
24,53
25,90
26,13
27,59
28,22
01,32
05,55
06,43
07,11
08,40
09,66
10,98
11,48
12,26
13,14
14,39
15,98
16,20
03,25
09,87
10,23
11,60
12,66
13,52
14,31
15,91
16,74
17,68
18,94
19,37
20,89
01,66
01,17
01,72
11,71
12,53
13,80
14,4
15,24
16,92
17,15
18,69
19,17
20,19
21,28
22,95
23,21
24,83
08,8
09,39
10,3
11,60
12,78
13,3
14,43
15,30
16,26
02,2
03,47
04,58
05,33
06,55
07,57
08,18
09,23
17,73
18,80
19,17
20,24
21,55
22,72
23,17
24,7
25,79
04,39
05,83
06,81
07,90
08,37
09,81
10,62
11,30
12,67
13,26
14,12
21,9
22,4
23,57
24,13
25,47
26,98
27,68
28,78
29,64
02,81
03,78
04,8
05,87
06,73
07,36
08,76
02,57
03,67
04,66
05,89
06,58
07,51
08,90
09,95
10,90
02,65
03,82
04,10
05,96
06,17
07,15
08,24
25,37
26,68
27,97
28,43
29,98
30,32
31,91
01,85
17,32
18,66
19,77
20,0
21,91
22,65
23,58
24,5
25,84
10,92
11,0
12,24
13,91
14,95
15,94
16,34
17,18
26,43
27,41
28,57
29,45
30,34
31,1
01,7
02,9
03,4
04,91
02,43
15,55
16,37
17,47
18,53
19,5
20,82
21,56
22,16
27,0
28,31
29,17
30,69
30,83
31,36
01,10
02,80
03,51
04,67
05,94
06,16
07,57
08,95
09,43
10,66
11,72
12,83
13,55
14,64
15,49
16,38
17,10
18,67
11,78
12,59
13,50
14,18
15,12
16,67
17,6
18,38
19,99
20,41
09,40
10,32
11,82
12,57
13,23
14,87
15,90
16,46
17,90
18,46
19,36
20,66
02,45
03,28
04,86
05,23
06,84
07,74
10,14
11,76
12,81
26,79
27,12
28,9
01,5
02,26
03,24
04,60
05,56
18,80
19,78
20,12
21,92
22,87
23,0
24,81
25,15
26,25
27,63
05,98
06,53
07,27
08,14
09,2
10,59
11,7
12,97
03,60
04,37
05,59
06,72
07,9
08,56
09,97
10,21
31,11
01,49
02,97
03,84
04,14
05,57
09,58
10,62
11,32
12,11
13,51
14,36
15,18
16,59
17,73
18,99
19,82
20,76
21,33
22,94
23,66
19,13
20,12
25,95
26,24
27,28
28,81
29,0
30,35
31,11
01,33
02,19
21,2
22,6
23,53
24,80
25,11
26,17
27,65
28,2
29,38
30,3
21,84
22,65
23,81
24,45
27,23
28,18
29,28
13,20
14,50
15,81
16,83
17,6
18,81
19,16
20,1
06,76
07,42
08,46
09,1
10,10
11,29
12,3
01,28
28,84
29,20
30,72
31,34
01,59
02,0
03,72
04,78
05,6
06,57
07,1
01,76
01,32
13,81
14,63
15,6
16,37
17,83
18,10
19,41
20,11
21,14
22,83
11,27
12,93
13,66
14,75
15,10
16,0
17,98
18,30
19,98
20,13
21,22
06,80
07,41
08,18
09,16
10,77
11,11
12,68
13,58
14,63
01,98
24,41
25,88
26,2
27,53
28,21
29,7
30,99
01,43
02,81
03,93
04,56
05,32
06,20
01,54
03,29
04,93
05,25
06,31
07,39
08,31
09,98
10,65
11,17
12,53
13,72
14,54
15,29
02,4
04,83
05,82
06,32
07,81
08,22
09,96
10,74
11,32
12,6
13,40
14,10
15,92
30,68
31,57
01,98
02,94
03,22
04,62
05,3
06,16
07,20
08,64
09,24
21,2
22,57
23,35
24,38
25,81
26,66
27,21
28,34
01,27
13,9
14,56
15,28
16,19
17,70
18,45
19,44
20,30
21,8
22,48
23,44
24,0
02,27
03,24
04,82
05,42
06,3
07,7
08,65
09,94
10,41
11,85
12,25
08,11
09,92
10,80
11,63
12,17
13,55
14,89
15,36
16,90
02,25
03,64
04,13
05,1
06,5
07,8
08,46
09,62
10,95
11,43
12,76
13,91
02,57
03,76
04,29
05,67
06,57
07,45
08,91
09,83
10,14
11,23
23,73
24,46
25,16
26,6
27,78
28,91
29,56
30,70
01,82
02,91
22,93
23,98
24,64
25,31
26,38
27,94
28,60
29,88
30,74
31,99
01,78
02,49
15,94
16,78
17,2
18,5
19,55
20,15
21,43
22,64
23,15
02,15
03,55
04,9
05,44
06,93
07,60
08,6
09,67
10,70
11,80
12,73
07,89
08,92
09,36
10,84
11,83
12,8
13,12
14,22
02,32
03,91
04,26
05,82
06,50
07,71
08,26
09,95
10,45
11,43
16,14
17,85
18,0
19,61
20,95
21,67
03,81
04,63
05,26
06,66
07,34
08,32
16,90
17,64
18,51
19,89
20,97
21,17
22,59
23,61
10,86
11,56
12,56
13,78
14,82
15,3
16,39
17,79
02,89
03,7
04,10
05,53
06,58
07,42
08,5
25,43
26,46
27,52
28,43
29,11
30,30
31,92
13,22
14,70
15,30
16,43
17,88
18,35
19,17
20,85
17,43
18,74
19,97
20,29
21,47
22,73
23,30
24,71
14,88
15,6
16,62
17,91
18,58
19,33
20,56
12,72
13,65
14,74
15,70
16,26
17,39
18,65
03,77
04,74
05,58
06,37
07,89
08,4
09,74
10,22
03,79
04,58
05,25
08,88
09,48
10,64
11,2
24,60
25,23
26,71
27,94
28,17
01,93
02,12
03,88
13,40
14,17
15,71
16,91
17,31
18,78
19,61
15,75
16,20
17,94
18,15
19,55
20,75
21,72
22,73
12,2
13,25
14,4
15,11
16,16
17,15
22,6
23,45
24,54
25,32
26,91
27,56
09,25
10,64
11,89
12,93
13,15
14,20
15,37
24,12
25,62
26,89
27,87
28,8
01,78
02,53
03,20
18,50
19,50
20,52
21,22
22,97
23,83
24,10
25,83
26,7
09,76
10,43
11,80
12,7
13,55
14,0
15,85
16,30
01,42
02,63
03,85
04,16
05,85
06,83
07,85
08,6
21,90
22,45
23,57
24,13
25,90
26,66
27,71
28,51
25,70
26,38
27,2
28,76
29,93
30,99
01,71
02,89
21,31
22,90
23,0
24,3
25,25
26,19
27,88
19,53
20,98
21,72
22,58
23,2
24,51
11,54
12,78
13,2
14,7
15,37
16,34
12,95
13,6
14,45
15,73
16,0
17,23
04,99
05,73
06,41
07,91
08,82
09,30
10,49
20,99
21,50
26,80
27,41
28,77
29,55
23,27
24,17
25,75
26,38
27,47
28,45
29,28
18,82
19,24
20,91
21,48
22,36
23,65
24,63
25,24
28,24
29,25
01,5
02,87
03,82
04,2
05,43
06,53
16,53
17,7
18,14
19,74
20,11
21,11
22,88
04,30
05,83
06,68
07,57
08,60
09,89
10,79
11,11
27,75
28,26
01,34
02,15
03,68
04,96
05,14
06,90
17,25
18,31
19,1
20,82
21,75
22,35
09,69
10,77
11,77
12,70
13,62
14,44
15,47
16,38
29,89
30,6
31,98
01,56
06,26
07,58
08,23
09,99
03,66
04,36
05,34
06,85
07,66
08,11
09,75
10,35
28,50
29,56
30,26
31,84
01,45
02,49
03,18
25,84
26,58
27,63
28,62
29,99
03,16
17,6
18,94
19,48
20,12
21,60
22,47
23,82
24,75
18,94
19,65
20,27
21,59
22,35
23,92
11,94
12,52
13,84
14,97
15,35
16,23
17,98
18,20
30,26
31,2
01,27
02,15
03,17
04,22
05,84
06,99
30,37
31,24
01,59
02,21
03,28
04,60
05,91
26,4
27,47
28,96
29,70
30,30
31,54
01,26
02,62
07,79
08,60
09,60
10,29
11,27
12,56
13,88
14,63
23,6
24,80
25,56
26,8
27,85
28,15
12,15
13,41
14,57
15,23
16,94
17,69
07,52
08,13
09,52
10,47
11,41
12,5
23,91
24,59
25,10
26,42
27,61
28,22
17,32
18,15
19,7
20,14
21,46
22,42
10,0
11,57
12,50
13,26
14,23
15,38
16,5
17,76
11,44
12,15
13,81
14,38
15,93
16,58
17,35
04,85
05,5
06,71
07,36
08,7
09,6
10,83
04,24
05,66
06,33
07,14
08,45
09,48
10,29
11,1
25,13
26,5
27,50
28,27
29,63
30,49
31,84
01,57
24,31
25,6
26,82
27,1
28,42
29,8
01,38
02,47
19,93
20,28
21,11
22,44
23,97
24,99
25,5
07,97
08,51
09,90
10,59
11,89
12,85
13,19
14,84
06,5
07,57
08,51
09,42
10,19
11,52
12,67
13,46
03,0
04,54
05,30
06,65
07,0
08,14
09,58
10,32
15,73
16,61
17,63
18,1
19,52
20,30
21,45
29,32
30,43
31,44
01,98
02,4
03,24
04,55
05,94
06,90
18,77
19,50
20,18
21,52
22,84
23,89
24,80
13,15
14,3
15,69
16,21
17,43
18,16
19,32
20,67
29,16
30,32
31,56
01,30
02,68
03,81
04,33
05,1
23,1
24,54
25,94
26,73
27,69
28,10
29,90
30,81
18,83
19,70
20,99
21,38
22,98
23,23
24,2
18,94
19,29
20,64
21,59
22,44
23,67
24,25
25,27
11,18
12,45
13,54
14,59
15,63
16,38
17,11
22,12
12,95
13,8
14,79
15,36
16,12
17,96
18,37
02,60
03,84
04,2
05,0
06,52
07,16
03,51
04,16
05,46
06,10
07,3
08,80
09,91
10,79
26,53
27,13
28,0
29,2
30,40
31,69
01,17
15,86
16,75
17,31
18,75
19,90
20,55
21,66
22,10
14,18
15,61
16,53
17,38
18,2
19,26
20,24
11,72
12,18
17,25
18,70
19,6
20,9
21,87
22,17
23,84
24,36
25,43
26,26
27,57
28,59
29,51
07,56
08,78
13,48
14,39
15,15
16,54
17,19
25,0
26,24
27,88
28,84
29,78
30,8
31,76
21,6
22,43
23,22
24,13
25,10
26,50
27,6
28,56
06,3
07,46
08,53
09,87
10,14
11,80
12,82
13,58
01,85
02,83
03,12
04,52
05,1
06,46
07,45
25,1
26,66
27,17
28,88
01,22
02,57
03,27
04,86
26,92
27,12
28,84
29,21
30,53
31,48
01,89
02,23
23,4
24,13
25,53
26,91
27,88
28,93
01,95
19,64
20,56
21,89
22,17
23,14
24,47
25,42
08,32
09,45
10,27
11,17
12,35
13,11
14,56
15,90
11,91
12,94
13,46
14,50
15,18
16,17
17,64
02,12
03,24
04,59
05,98
06,29
07,29
08,73
09,1
23,53
24,48
25,74
26,75
27,99
28,87
29,18
01,8
21,8
22,80
23,50
24,58
25,18
26,13
27,91
28,55
22,53
23,38
24,79
25,4
26,22
27,32
28,36
01,14
30,81
31,34
01,50
02,44
03,3
04,49
05,71
06,73
18,93
19,15
20,16
21,62
22,83
23,37
24,70
25,4
01,35
02,40
03,41
04,97
05,48
06,96
07,79
08,44
29,5
30,45
31,61
01,96
02,5
03,94
04,1
05,70
14,85
15,95
16,10
17,49
18,51
19,39
20,89
21,61
08,9
09,34
10,59
11,70
12,82
13,67
14,41
15,84
05,91
06,65
07,77
08,41
09,2
10,65
11,85
12,91
03,11
04,54
05,14
06,62
07,9
08,70
09,79
10,85
02,97
03,48
04,55
05,62
06,85
07,88
08,27
09,99
26,8
27,48
28,36
01,15
02,1
03,79
04,36
05,82
16,96
17,79
18,51
19,2
20,97
21,96
18,99
19,80
20,97
21,5
22,13
23,84
24,82
10,84
11,75
12,73
13,71
14,62
15,31
16,91
17,96
18,70
19,41
02,41
03,83
04,68
05,14
06,99
07,6
08,10
09,81
10,75
29,80
30,65
01,99
02,12
03,64
04,0
05,8
02,14
03,72
04,49
05,5
06,32
07,64
08,74
07,96
08,6
09,98
10,27
11,1
12,24
13,74
14,88
26,45
27,90
28,97
01,97
02,9
03,19
04,82
05,4
09,50
10,50
11,68
12,30
13,79
14,28
15,81
16,39
06,35
07,74
08,0
09,12
10,2
11,57
12,72
13,95
22,45
23,33
24,52
25,22
26,20
27,66
28,68
29,10
16,82
17,20
18,35
19,24
20,77
21,2
22,33
23,41
13,27
14,49
15,98
16,39
17,85
18,57
19,22
20,39
11,2
12,70
13,94
14,99
15,35
16,65
17,9
18,36
10,50
11,17
12,7
13,29
14,1
15,89
16,89
17,51
06,60
07,90
22,66
23,4
24,14
25,43
26,32
27,39
28,40
29,15
30,97
25,1
26,32
27,60
28,8
29,8
30,35
31,36
01,41
02,2
03,72
04,2
20,91
21,74
22,11
23,2
24,81
25,55
26,34
27,72
28,74
29,85
11,49
12,92
13,12
14,7
15,41
16,77
17,44
18,19
19,36
20,36
06,71
07,35
08,32
09,67
10,46
11,4
12,73
13,34
14,2
15,69
16,30
09,0
10,39
11,4
12,67
13,26
14,94
15,6
16,16
17,8
15,44
16,94
17,27
18,50
19,88
20,34
21,65
22,32
23,97
24,41
25,71
06,98
07,46
08,29
09,87
10,33
11,14
12,37
13,60
14,25
15,92
16,44
17,26
18,59
19,92
20,62
21,29
22,37
23,64
24,41
25,99
14,54
15,58
16,36
17,99
18,34
19,68
20,37
21,41
22,9
23,50
24,42
30,6
01,32
02,19
03,17
04,16
05,16
06,75
07,40
08,14
09,29
24,63
25,55
26,64
27,81
28,8
29,83
30,5
31,83
01,0
21,22
22,6
23,37
24,36
25,93
26,19
27,49
28,18
29,97
30,73
31,49
19,15
20,99
21,66
22,1
23,86
24,1
25,23
26,63
27,26
28,61
18,33
19,56
20,72
21,87
22,3
23,27
24,81
25,47
26,24
27,45
08,11
09,25
10,57
11,30
12,95
13,34
14,27
15,65
16,36
17,85
18,11
19,58
01,88
02,33
03,44
04,84
05,31
06,38
07,85
08,11
09,65
05,87
06,4
07,83
08,88
09,0
10,77
11,60
12,75
13,16
30,48
01,78
02,13
03,6
04,41
05,34
06,92
07,82
08,13
09,11
10,95
21,78
22,80
23,55
24,0
25,10
26,89
27,76
28,6
29,56
30,15
31,68
17,21
18,3
19,10
20,16
21,11
22,10
23,36
24,95
25,14
26,60
18,99
19,48
20,24
21,11
22,56
23,90
24,64
25,89
26,64
27,38
28,70
26,59
27,24
28,14
29,64
30,42
01,7
02,35
03,71
17,86
18,60
19,10
20,74
21,77
22,58
23,91
24,15
25,82
26,92
27,71
26,35
27,48
28,71
29,90
30,23
01,79
02,54
03,98
25,56
26,10
27,71
28,89
29,10
30,82
01,57
02,34
03,9
04,72
05,65
10,55
11,84
12,0
13,61
14,98
15,57
16,42
17,96
18,39
19,54
20,11
21,68
02,80
03,42
04,60
05,89
06,51
07,93
08,71
09,11
10,60
01,71
02,95
03,85
04,5
05,33
06,60
07,70
08,33
09,70
10,20
11,64
29,85
30,93
01,17
02,67
03,54
04,97
05,26
06,45
07,54
08,8
28,57
29,19
30,71
31,4
01,0
02,65
03,99
04,81
05,86
20,84
21,53
22,61
23,94
24,17
25,88
26,82
27,35
28,11
29,22
30,74
10,11
11,54
12,50
13,48
14,50
15,72
16,75
17,14
18,36
19,30
14,45
15,16
16,37
17,78
18,1
19,10
20,40
21,28
22,3
11,66
12,58
13,65
14,36
15,16
16,21
17,96
18,59
19,62
20,25
21,44
01,70
02,60
03,31
04,17
05,76
06,93
07,23
08,64
09,48
10,21
27,8
28,22
29,87
30,28
31,62
29,97
30,35
31,15
01,55
02,48
03,56
04,59
05,38
06,23
04,87
05,79
06,68
07,55
08,37
09,37
10,49
11,12
12,10
28,40
29,34
30,98
31,35
01,16
02,19
03,70
04,22
05,9
06,56
07,7
04,37
05,64
06,71
07,19
08,14
09,1
10,35
11,15
12,36
06,91
07,14
08,97
09,59
10,18
11,10
12,63
13,57
14,58
15,99
16,57
22,37
23,59
24,89
25,76
26,43
27,47
28,1
29,1
30,53
31,72
11,92
12,92
13,2
14,77
15,32
16,52
17,78
18,54
19,1
12,61
13,95
14,80
15,42
16,55
17,70
18,29
19,31
20,91
21,66
22,36
09,46
10,25
11,23
12,63
13,6
14,53
15,34
16,94
17,69
18,36
06,67
07,52
08,25
09,75
10,15
11,12
12,96
13,13
31,84
01,41
02,67
03,76
04,93
05,55
06,9
07,68
08,12
09,41
10,74
20,41
21,82
22,1
23,76
24,98
25,97
26,69
27,69
28,39
23,61
24,33
25,44
26,64
27,1
28,33
29,62
30,70
01,68
02,98
22,39
23,70
24,29
25,82
26,9
27,95
28,31
29,97
30,64
31,19
01,42
11,82
12,41
13,3
14,17
15,73
16,91
17,66
18,90
19,89
07,57
08,92
09,55
10,54
11,43
12,7
13,11
14,95
15,56
16,9
17,75
18,53
13,88
14,93
15,90
16,56
17,45
18,5
19,5
20,78
21,8
08,32
09,11
10,50
11,26
12,46
13,85
14,41
15,17
16,95
13,67
14,67
15,52
16,92
17,66
18,58
19,67
20,32
21,42
22,78
17,52
18,12
19,59
20,76
21,47
22,92
23,2
01,50
02,43
03,63
04,8
05,3
06,18
07,39
08,84
20,14
21,86
22,73
23,29
24,10
25,26
26,44
27,53
28,29
29,95
30,67
01,26
23,8
24,42
25,88
26,42
27,56
28,37
29,91
30,83
01,82
02,30
19,75
20,16
21,5
22,34
23,18
24,62
25,50
26,28
27,3
28,81
14,64
15,15
16,73
17,48
18,16
19,72
20,66
21,68
22,60
23,51
24,78
25,76
11,33
12,34
13,67
14,73
15,43
16,6
17,10
18,71
19,74
29,55
30,9
31,55
03,43
04,52
05,9
06,36
07,55
08,88
09,82
10,77
11,9
12,61
13,32
14,29
02,73
03,37
04,88
05,59
06,77
07,65
08,56
09,15
10,74
20,99
21,85
22,83
23,66
24,26
25,47
26,60
27,35
28,66
29,72
30,86
19,35
20,20
21,30
22,17
23,16
24,58
25,14
26,70
27,84
22,59
23,3
24,54
25,27
26,47
27,65
28,13
29,57
30,87
31,81
01,76
02,70
17,61
18,89
19,48
20,11
21,16
22,38
23,47
24,1
23,28
24,95
25,70
26,9
27,15
28,82
29,94
30,32
31,8
01,41
02,51
03,12
24,18
25,29
26,22
27,13
28,48
29,84
30,45
31,51
01,31
02,28
09,32
10,71
11,1
12,83
13,48
14,30
15,58
16,92
17,45
18,5
02,55
03,25
04,4
05,67
06,42
07,96
08,23
09,2
10,29
11,32
12,86
13,80
03,19
04,71
05,94
06,32
07,30
08,93
09,49
10,69
11,9
29,9
30,49
31,87
01,17
02,52
03,55
04,90
05,74
06,84
26,93
27,29
28,71
29,69
30,44
01,31
02,47
03,15
04,83
20,8
21,40
22,55
23,63
24,69
25,77
26,61
15,70
16,52
17,12
18,22
19,68
20,44
21,62
22,1
11,44
12,60
13,65
14,16
15,79
16,3
17,53
01,90
02,51
03,74
04,35
05,45
06,21
07,29
08,44
28,76
29,9
30,33
01,33
02,20
03,70
04,31
03,94
04,68
05,77
06,0
07,49
08,86
09,66
10,13
25,30
26,1
27,39
28,40
29,43
30,27
01,0
02,96
04,97
05,82
06,30
07,32
08,86
09,59
10,50
11,21
03,16
04,5
05,9
06,33
07,50
08,37
09,2
10,94
19,32
20,94
21,42
22,42
23,55
24,39
25,82
14,60
15,4
16,48
17,53
18,41
19,73
20,54
21,10
12,1
13,13
14,24
15,17
16,34
17,75
18,21
07,45
08,27
09,36
10,2
11,96
12,52
13,63
05,20
06,75
07,10
08,91
09,7
10,68
11,20
27,54
28,78
29,51
30,68
01,94
02,52
03,71
04,9
23,34
24,23
25,87
26,5
27,8
28,35
29,16
18,85
19,90
20,81
21,81
22,86
23,52
24,80
09,90
10,60
11,93
12,76
13,90
14,77
15,65
05,35
06,24
07,73
08,92
09,67
10,34
11,38
12,39
11,56
12,18
13,99
14,19
15,4
16,1
17,96
18,96
03,6
04,50
05,57
06,37
07,45
08,65
09,77
10,97
12,87
13,24
14,2
15,85
16,46
17,62
18,47
19,47
11,64
12,85
13,72
14,56
15,23
16,67
17,64
18,90
26,24
27,96
28,17
29,86
30,36
01,22
02,22
03,46
22,27
23,57
24,85
25,61
26,90
27,5
28,71
29,31
19,60
20,96
21,56
22,56
23,80
24,98
25,44
14,82
15,49
16,14
17,11
18,5
19,51
20,9
12,75
13,10
14,95
15,99
16,43
17,62
18,6
05,47
06,48
07,27
08,85
09,62
10,42
11,77
12,3
30,87
31,6
01,18
02,6
03,7
04,13
05,26
06,69
25,91
26,96
27,79
28,82
29,17
30,3
01,91
02,85
16,35
17,7
18,70
19,81
20,39
21,39
22,94
23,86
24,1
25,96
13,15
14,17
15,13
16,25
17,2
18,98
19,98
20,47
21,95
22,96
23,8
24,60
19,85
20,93
21,94
22,94
23,54
24,80
25,61
26,82
11,3
12,71
13,87
14,66
15,42
16,76
17,1
18,36
19,17
20,53
20,38
21,69
22,46
23,92
24,68
25,36
26,17
19,2
20,25
21,53
22,96
23,86
24,64
25,83
26,62
27,18
28,95
29,65
04,35
05,81
06,18
07,91
08,0
09,73
10,49
11,45
12,2
13,65
14,20
30,53
31,94
01,2
02,54
03,65
04,48
05,72
06,82
07,66
26,23
27,70
28,95
29,14
30,94
31,66
01,13
02,41
03,64
04,53
21,58
22,82
23,99
24,82
25,59
26,24
27,71
28,60
29,56
19,20
20,63
21,0
22,26
23,69
24,44
25,46
26,56
13,85
14,11
15,13
16,53
17,99
18,47
19,30
20,0
07,86
08,71
09,36
10,97
11,57
12,20
13,91
14,3
15,54
03,42
04,45
05,48
06,85
07,97
08,24
09,99
10,69
11,88
26,67
27,5
28,10
29,21
30,39
31,97
01,43
02,4
03,41
25,75
26,44
27,30
28,88
29,33
30,63
31,43
01,63
02,54
27,38
28,31
29,93
30,5
01,6
02,3
03,44
04,36
21,34
22,50
23,52
24,29
25,11
26,86
27,44
28,81
27,45
28,90
29,59
30,40
01,99
02,34
03,62
04,65
30,96
01,50
02,86
03,16
04,67
05,0
06,58
07,23
08,29
15,61
16,88
17,64
18,65
19,93
20,7
21,74
22,74
23,9
24,11
08,13
09,67
10,8
11,61
12,47
13,7
14,46
15,84
16,69
05,10
06,42
07,38
08,21
09,68
10,5
11,62
30,93
31,17
01,86
02,36
03,86
04,55
05,79
06,54
07,70
27,55
28,61
29,18
30,37
31,39
01,78
02,32
03,40
04,78
21,96
22,29
23,96
24,54
25,54
26,45
27,66
28,97
16,60
17,77
18,18
19,51
20,44
21,66
22,99
23,17
24,68
12,31
13,40
14,94
15,58
16,60
17,35
18,37
19,32
20,26
04,42
05,9
06,25
07,6
08,6
09,91
10,80
11,89
12,37
03,38
04,37
05,99
06,34
07,55
08,0
09,24
10,4
05,23
06,59
07,87
08,23
09,36
10,27
11,96
12,80
29,37
30,52
31,13
01,25
02,29
03,95
04,98
05,32
05,56
06,45
07,69
08,23
09,2
10,21
11,22
12,47
13,29
09,15
10,39
11,48
12,50
13,18
14,74
15,98
16,66
17,43
25,60
26,17
27,94
28,67
29,63
30,2
31,70
01,22
17,88
18,16
19,89
20,53
21,44
22,40
23,51
24,90
12,52
13,94
14,51
15,44
16,41
17,54
18,68
19,68
20,36
08,64
09,1
10,0
11,5
12,67
13,51
14,27
15,23
16,92
05,84
06,20
07,95
08,84
09,27
10,2
11,66
12,29
13,82
29,14
30,22
31,70
01,33
02,18
03,6
04,11
05,98
06,41
07,39
25,66
26,30
27,82
28,95
29,42
30,8
01,22
02,26
03,59
04,10
21,24
22,71
23,21
24,53
25,17
26,99
27,86
28,4
29,84
13,65
14,56
15,1
16,6
17,37
18,92
19,25
20,73
21,82
11,93
12,19
13,39
14,38
15,1
16,85
17,49
13,45
14,95
15,78
16,65
17,26
18,48
19,44
20,13
06,36
07,34
08,79
09,35
10,73
11,86
12,43
13,53
14,14
14,71
15,25
16,31
17,64
18,38
19,82
20,71
21,21
22,35
18,46
19,27
20,79
21,96
22,99
23,43
24,50
25,32
26,45
02,14
03,8
04,67
05,46
06,47
07,27
08,26
09,51
10,5
25,34
26,28
27,23
28,99
29,65
30,85
31,39
01,35
02,13
21,8
22,0
23,0
24,38
25,79
26,35
27,73
28,31
17,55
18,94
19,54
20,15
21,55
22,26
23,25
24,36
25,90
14,31
15,48
16,22
17,67
18,91
19,39
20,36
21,63
22,20
08,79
09,60
10,89
11,51
12,52
13,85
14,39
15,39
05,58
06,54
07,94
08,70
09,37
10,59
11,13
12,66
13,50
30,50
31,95
01,27
02,21
03,61
04,27
05,19
06,3
07,93
22,15
23,71
24,60
25,40
26,60
27,23
28,69
29,81
30,17
18,22
19,48
20,16
21,99
22,28
23,92
24,91
25,94
21,95
22,19
23,80
24,21
25,50
26,79
27,9
28,80
29,3
30,21
15,15
16,73
17,74
18,5
19,77
20,75
21,23
22,5
23,99
23,66
24,50
25,16
26,43
27,85
28,26
29,7
30,98
31,29
01,78
02,17
27,5
28,82
29,71
30,12
31,38
01,36
02,19
03,32
04,44
05,75
06,9
11,55
12,78
13,95
14,19
15,92
16,56
17,69
18,17
19,53
03,79
04,20
05,26
06,13
07,14
08,28
09,23
10,1
11,84
12,1
13,0
14,32
29,78
30,27
01,28
02,42
03,44
04,56
05,67
06,58
07,62
26,0
27,25
28,48
29,49
30,78
01,60
02,66
03,34
04,39
05,14
06,16
23,93
24,70
25,19
26,0
27,81
28,62
29,49
30,3
01,65
02,87
03,62
16,38
17,63
18,43
19,44
20,60
21,12
22,38
23,42
24,85
14,11
15,6
16,83
17,28
18,48
19,64
20,18
21,65
22,58
23,51
24,96
25,98
08,73
09,52
10,62
11,97
12,32
13,44
14,58
15,26
01,34
02,53
03,65
04,96
05,5
06,92
07,85
26,6
27,27
28,74
29,46
30,3
01,5
02,19
03,23
31,12
01,60
02,52
03,9
04,95
05,55
24,24
25,57
26,34
27,16
28,28
29,26
30,88
01,87
02,95
03,39
04,87
05,47
06,76
07,50
08,21
09,43
10,67
11,43
12,49
07,18
08,17
09,13
10,76
11,92
12,14
13,89
14,14
15,83
20,49
21,73
22,14
23,88
24,73
25,25
26,18
27,88
28,4
15,39
16,99
17,69
18,76
19,30
20,73
21,97
22,23
23,85
24,10
08,3
09,52
10,72
11,6
12,19
13,30
14,96
15,90
07,7
08,73
09,6
10,45
11,59
12,12
13,37
14,14
15,54
16,46
17,66
04,54
05,92
06,84
07,46
08,65
09,76
10,56
11,9
12,74
25,57
26,94
27,40
28,40
29,31
30,44
01,33
02,60
26,29
27,85
28,6
29,59
30,87
31,24
01,96
02,18
16,52
17,0
18,74
19,18
20,82
21,15
22,88
08,87
09,59
10,62
11,26
12,47
13,35
14,86
15,41
04,36
05,90
06,84
07,84
08,20
09,88
10,44
06,18
07,76
08,33
09,33
10,54
11,68
12,96
03,40
04,81
05,39
06,25
07,8
08,34
09,80
10,15
13,35
14,94
15,99
16,28
17,75
18,29
19,54
16,24
17,74
18,31
19,67
20,77
21,66
22,47
23,43
24,88
25,40
29,27
30,82
31,62
01,56
02,53
03,95
04,67
05,54
06,93
07,38
25,37
26,76
27,42
28,36
29,84
30,49
01,9
02,27
16,77
17,29
18,65
19,59
20,0
21,3
18,93
19,95
20,85
21,95
22,65
23,88
13,84
14,0
15,56
16,14
17,22
18,40
19,3
03,96
04,21
05,15
06,45
07,50
08,36
09,34
10,16
11,52
03,86
04,84
05,78
06,19
07,56
08,95
09,58
10,81
23,62
24,34
25,38
26,2
27,25
28,14
29,44
16,33
17,7
18,9
19,43
20,46
21,3
22,69
23,24
11,46
12,75
13,27
14,18
15,73
16,95
17,15
18,40
13,19
14,2
15,60
16,11
17,47
18,11
19,4
20,77
11,7
12,16
13,48
14,9
15,0
16,91
20,2
21,33
22,3
23,7
24,14
25,35
26,94
27,55
28,6
29,69
30,91
31,8
01,47
02,42
08,83
09,58
10,0
11,16
12,92
13,96
14,56
15,71
16,6
03,79
04,70
05,51
06,97
07,51
08,21
09,53
10,22
22,18
23,70
24,35
25,4
26,18
27,67
28,47
29,88
24,15
25,21
26,10
27,72
28,37
29,78
30,52
31,56
20,20
21,14
22,90
23,20
24,88
25,90
26,75
27,9
12,46
13,82
14,34
15,81
16,55
17,16
18,75
11,70
12,74
13,7
14,59
15,57
16,4
17,21
30,64
31,2
01,23
02,53
03,15
04,74
05,88
06,57
24,76
25,18
26,15
27,19
28,34
29,76
30,3
31,30
01,24
02,97
03,28
04,0
19,20
20,71
21,15
22,0
23,96
24,41
25,84
26,83
27,59
21,14
22,92
23,0
24,34
25,72
26,54
27,48
28,37
29,7
30,84
17,22
18,63
19,1
20,52
21,27
22,33
23,13
24,65
25,4
26,92
27,89
28,47
29,56
30,83
31,69
01,10
02,44
03,10
04,53
05,20
06,70
03,28
04,2
05,15
06,3
07,52
08,82
09,89
10,74
11,24
12,25
17,77
18,21
19,18
20,98
21,10
22,47
23,63
24,14
25,7
26,41
27,79
11,47
12,80
13,52
14,1
15,12
16,31
17,0
18,84
19,12
20,88
21,53
22,21
30,14
31,60
01,54
02,66
03,74
04,80
05,8
06,15
07,63
01,84
02,54
03,91
04,60
05,6
06,89
07,97
08,42
09,51
10,17
11,99
12,47
28,79
29,59
30,96
31,74
01,43
02,50
03,95
04,8
19,41
20,26
21,78
22,91
23,64
24,87
25,99
26,43
27,63
18,13
19,38
20,9
21,27
22,33
23,20
24,95
25,75
07,60
08,3
09,83
10,4
11,53
12,58
13,30
14,41
15,45
16,99
17,61
05,55
06,72
07,25
08,51
09,24
10,7
11,32
12,29
13,10
14,5
15,97
28,63
29,60
30,32
31,61
01,24
02,12
03,80
04,10
05,83
31,68
01,73
02,29
03,17
04,40
05,94
06,16
07,14
08,77
09,30
10,88
26,9
27,16
28,19
29,9
30,79
31,17
01,13
02,85
03,37
04,89
05,51
07,5
08,33
09,69
10,23
11,77
12,22
13,11
14,36
15,72
13,46
14,39
15,21
16,2
17,55
18,96
19,61
20,53
21,62
22,56
23,66
28,7
29,64
30,71
01,84
02,58
03,14
04,63
05,52
06,71
07,80
23,4
24,24
25,73
26,1
27,13
28,54
29,96
30,75
08,53
09,3
10,59
11,13
12,31
13,66
14,43
15,22
16,49
13,48
14,76
15,34
16,10
17,10
18,95
19,2
20,17
05,30
06,73
07,82
08,31
09,36
10,76
11,8
12,5
13,89
28,24
29,28
30,70
31,82
01,88
02,45
03,99
26,15
27,27
28,56
29,50
30,29
31,83
01,60
02,25
03,58
18,61
19,40
20,95
21,13
22,82
23,9
24,0
25,34
26,25
16,17
17,17
18,33
19,8
20,71
21,55
22,53
23,84
24,77
06,17
07,7
08,32
09,51
10,91
11,27
12,39
13,47
14,87
11,44
12,49
13,69
14,18
15,18
16,64
17,29
18,9
19,51
06,55
07,6
08,72
09,61
10,69
11,98
12,84
13,68
14,32
16,84
17,73
18,71
19,2
20,3
21,25
22,43
23,21
24,21
25,57
26,23
24,10
25,48
26,1
27,66
28,97
29,47
30,73
01,4
02,75
03,88
08,26
09,93
10,93
11,66
12,62
13,26
14,96
15,20
16,35
17,8
31,91
01,62
02,77
03,60
04,16
05,62
06,8
17,96
18,73
19,12
20,93
21,73
22,34
21,66
22,83
23,24
24,74
25,43
26,14
27,30
28,9
14,36
15,21
16,36
17,31
18,22
19,18
20,13
21,73
04,4
05,5
06,4
07,53
08,27
09,89
10,13
11,79
12,61
04,22
05,78
06,38
07,11
08,26
09,52
10,14
11,98
12,84
13,44
27,84
28,14
29,99
30,54
01,1
02,60
03,92
04,84
05,94
06,6
07,31
08,25
25,50
26,98
27,71
28,46
29,88
30,6
31,99
01,23
02,46
15,87
16,17
17,84
18,88
19,83
20,32
21,10
22,78
23,83
24,10
25,97
20,91
21,24
22,9
23,54
24,38
25,85
26,84
27,67
28,29
29,21
30,13
01,57
15,71
16,6
17,2
18,77
19,2
20,53
21,59
22,98
23,68
27,80
28,94
29,23
30,23
01,65
02,87
03,98
04,54
05,80
06,4
07,88
04,70
05,60
06,25
07,79
08,3
09,50
10,1
11,8
12,88
18,63
19,32
20,69
21,3
22,10
23,86
24,14
25,34
26,91
07,69
08,24
09,58
10,84
11,15
12,73
13,79
14,21
15,75
16,49
17,98
23,48
24,25
25,74
26,88
27,91
28,22
29,70
30,51
31,33
01,92
29,26
30,22
01,26
02,42
03,36
04,67
05,11
06,17
07,61
22,49
23,80
24,70
25,19
26,1
27,58
28,12
29,90
13,63
14,92
15,68
16,62
17,59
18,70
19,97
14,39
15,32
16,22
17,6
18,78
19,54
20,1
21,27
22,10
23,68
09,15
10,39
11,57
12,81
13,4
14,49
15,77
16,37
03,71
04,43
05,58
06,66
07,41
08,32
09,32
10,99
11,9
26,62
27,3
28,54
29,3
30,36
31,29
01,6
02,62
03,39
02,81
03,76
04,47
05,39
06,21
07,79
08,30
09,79
10,69
11,16
12,9
24,80
25,3
26,88
27,94
28,96
29,62
30,91
31,44
01,55
02,61
03,46
08,37
09,41
10,90
11,19
12,88
13,20
14,5
15,34
16,34
13,17
14,40
15,11
16,12
17,22
18,21
19,28
20,66
21,91
22,68
23,73
24,60
27,6
28,38
29,83
30,85
31,64
01,46
02,78
03,16
04,15
05,56
06,64
18,98
19,53
20,21
21,31
22,35
23,80
24,25
25,73
26,56
27,81
02,44
03,26
04,84
05,63
06,97
07,85
08,46
09,35
10,59
08,13
09,66
10,67
11,75
12,10
13,21
14,47
15,66
16,32
17,60
30,36
31,22
01,89
02,97
03,69
04,1
05,89
06,3
07,80
08,43
09,94
20,64
21,29
22,88
23,48
24,82
25,97
26,70
27,55
28,60
29,49
24,10
25,73
26,98
27,32
28,10
29,2
30,52
01,58
02,99
03,20
04,27
17,16
18,39
19,47
20,17
21,13
22,69
23,77
24,5
25,69
26,83
27,52
12,14
13,60
14,1
15,15
16,99
17,98
18,75
19,50
20,68
04,2
05,60
06,36
07,99
08,8
09,73
10,7
11,20
12,0
13,72
14,58
15,5
13,17
14,45
15,82
16,60
17,2
18,34
19,60
20,38
21,77
22,0
04,57
05,93
06,1
07,9
08,0
09,82
10,79
11,74
12,4
13,5
17,53
18,7
19,80
20,64
21,18
22,96
23,78
24,36
25,54
26,10
27,90
25,64
26,86
27,99
28,89
29,12
30,56
31,85
01,20
02,57
03,77
07,95
08,60
09,90
10,18
11,33
12,87
13,79
14,19
15,6
16,14
17,93
18,94
28,71
29,36
30,34
01,62
02,41
03,12
04,79
05,55
06,59
07,46
11,85
12,21
13,62
14,22
15,59
16,5
17,72
18,59
19,19
20,63
21,44
18,81
19,87
20,10
21,84
22,27
23,92
24,42
25,0
26,55
27,83
28,75
10,43
11,8
12,71
13,53
14,92
15,12
16,42
30,54
31,7
01,9
02,48
03,42
04,90
05,97
06,10
05,63
06,96
07,63
08,24
09,97
10,44
11,52
28,71
29,59
30,72
31,23
01,43
02,57
03,63
04,73
21,74
22,21
23,73
24,44
25,19
26,76
27,36
28,76
16,92
17,45
18,0
19,72
20,65
21,92
22,24
23,61
24,18
25,50
26,58
27,95
28,84
29,61
30,97
31,41
01,42
14,50
15,85
16,86
17,61
18,28
19,90
20,39
21,35
22,78
28,73
29,39
30,66
31,12
01,35
02,29
03,37
04,17
05,39
04,23
05,55
06,10
07,81
08,67
09,43
10,63
11,30
12,71
13,99
19,30
20,3
21,81
22,0
23,8
24,58
25,64
26,8
08,39
09,4
10,71
11,83
12,70
13,57
14,53
22,72
23,64
24,65
25,3
26,74
27,86
28,17
29,65
30,25
31,94
17,34
18,14
19,97
20,31
21,4
22,20
23,33
24,17
25,47
26,87
07,4
08,21
09,77
10,90
11,87
12,32
13,52
14,36
12,7
13,70
14,65
15,39
16,61
17,77
18,58
05,24
06,60
07,81
08,41
09,66
10,43
11,95
29,18
30,65
01,77
02,27
03,12
04,34
05,60
06,21
23,87
24,93
25,66
26,19
27,40
28,97
29,92
30,64
02,16
03,73
04,1
05,36
06,66
07,49
08,87
23,2
24,51
25,14
26,41
27,25
28,10
29,45
30,48
06,71
07,37
08,1
09,5
10,42
11,95
12,84
14,68
15,77
16,0
17,62
18,66
19,22
20,8
27,71
28,48
29,24
30,87
01,8
02,24
03,11
15,85
16,94
17,22
18,28
19,27
20,8
21,85
22,12
29,25
30,60
01,11
02,31
03,27
04,65
05,53
06,28
27,47
28,61
29,89
30,32
01,90
02,1
03,6
04,39
15,45
16,51
17,89
18,22
19,4
20,15
21,43
22,34
19,42
20,20
21,72
22,17
23,64
24,15
25,86
12,38
13,55
14,53
15,39
16,96
17,99
18,8
19,92
07,18
08,92
09,28
10,64
11,57
12,38
13,72
14,6
01,23
02,89
03,40
04,26
05,11
06,79
07,37
09,78
10,39
11,67
12,80
13,14
14,68
15,51
16,15
01,60
02,34
03,11
04,33
05,22
06,72
07,93
08,38
13,72
14,67
15,99
16,99
17,41
18,29
19,12
20,85
21,66
22,16
23,39
24,65
25,65
26,52
27,60
28,41
04,4
05,26
06,43
07,10
08,25
09,17
10,98
11,52
23,7
24,96
25,66
26,42
27,66
28,98
29,83
30,7
07,36
08,36
09,89
10,82
11,36
12,17
13,34
14,75
05,34
06,80
07,8
08,55
09,81
10,90
11,35
12,73
23,20
24,35
25,93
26,11
27,86
28,24
29,1
30,0
26,76
27,77
28,7
29,55
30,11
31,5
01,71
20,74
21,82
22,46
23,66
24,72
25,58
26,52
27,76
15,44
16,11
17,44
18,93
19,39
20,29
21,93
22,72
08,8
09,79
10,21
11,33
12,78
13,52
14,29
17,50
18,49
19,48
20,56
21,81
22,31
09,97
10,11
11,38
12,55
13,91
14,84
21,19
22,91
23,28
24,79
25,1
26,51
27,49
28,21
29,61
30,22
29,74
30,93
01,2
02,37
03,15
04,49
05,97
06,49
07,76
12,18
13,38
14,24
15,5
16,48
17,66
18,23
19,86
31,37
15,3
16,22
17,56
18,96
19,60
20,5
21,3
13,7
14,85
15,56
16,13
17,16
18,72
19,45
01,96
02,97
03,91
04,32
05,65
06,56
07,39
02,58
03,31
04,81
05,10
06,91
07,61
08,45
09,82
28,19
29,9
30,73
01,52
02,80
03,71
04,42
23,72
24,26
25,49
26,27
27,37
28,81
29,25
15,65
16,58
17,17
18,83
19,37
20,49
21,58
22,43
23,82
24,5
25,80
26,98
27,82
28,94
29,64
15,38
16,95
17,79
18,6
19,99
20,84
21,72
22,89
01,61
02,10
03,37
04,3
05,20
06,96
07,69
08,16
08,44
09,45
10,29
11,23
12,36
13,15
14,94
20,92
21,87
22,27
23,45
24,20
25,52
26,91
27,78
22,72
23,68
24,89
25,60
26,44
27,11
28,36
29,51
20,45
21,30
22,69
23,59
24,94
25,70
26,94
08,30
09,59
10,43
11,66
12,13
13,39
14,12
15,83
10,71
11,52
12,24
13,96
14,37
15,89
16,35
17,37
05,47
06,73
07,99
08,2
09,86
10,65
11,76
30,10
31,61
01,16
02,96
03,68
04,90
05,82
23,93
24,55
25,69
26,95
27,11
28,31
29,39
30,83
01,15
02,94
03,84
04,1
05,93
06,41
07,90
08,42
23,15
24,28
25,64
26,45
27,83
28,52
29,28
09,57
10,29
11,30
12,15
13,63
14,29
15,3
15,34
16,91
17,36
18,97
19,67
20,95
21,97
22,99
28,32
29,68
30,90
31,69
28,32
29,68
30,90
31,69
30,70
31,64
01,32
02,42
03,1
04,1
05,12
27,28
28,46
29,15
30,38
31,48
01,76
02,70
03,35
16,55
17,21
18,60
19,72
20,1
21,6
22,42
23,54
18,62
19,20
20,49
21,76
22,34
23,88
24,31
12,59
13,38
14,44
15,57
16,8
17,74
18,74
06,88
07,5
08,85
09,38
10,82
11,48
12,39
13,46
30,54
31,27
01,99
02,7
03,96
04,37
05,83
06,10
09,32
10,50
11,89
12,58
13,25
14,89
15,80
30,71
31,48
01,28
02,90
03,72
04,71
05,67
06,3
16,93
17,1
18,26
19,11
20,68
21,79
22,70
23,26
23,7
24,4
25,74
26,91
27,82
28,66
29,88
06,4
07,69
08,67
09,62
10,56
11,46
12,4
13,43
04,78
05,24
06,28
07,15
08,45
09,22
10,37
24,70
25,56
26,71
27,84
28,54
29,89
30,65
31,51
25,19
26,91
27,36
28,41
29,69
30,78
01,75
02,57
03,33
04,92
19,32
20,56
21,83
22,38
23,56
24,86
25,14
26,51
27,91
14,83
15,28
16,37
17,31
18,48
19,25
20,66
21,99
07,15
08,18
09,72
10,17
11,10
12,13
13,62
14,36
16,93
17,72
18,32
19,75
20,93
21,76
22,84
23,61
07,33
08,80
09,59
10,67
11,59
12,59
13,35
14,71
24,85
25,84
26,26
27,94
28,87
29,9
30,16
30,93
31,49
30,93
31,49
14,18
15,3
16,54
17,16
18,23
19,55
20,4
21,97
11,56
12,57
13,91
14,97
15,31
16,15
17,39
01,77
02,11
03,54
04,96
05,77
06,25
07,45
08,92
05,6
06,3
07,19
08,37
09,17
10,36
11,5
28,86
29,75
30,64
31,88
22,0
23,1
24,29
25,81
26,94
27,8
28,37
29,88
15,49
16,63
17,31
18,31
19,80
20,52
21,73
24,39
25,19
26,74
27,90
28,52
29,26
30,76
31,30
15,94
16,6
17,98
18,75
19,46
20,41
21,72
22,80
23,83
31,17
31,17
22,25
23,53
24,87
25,80
26,9
27,32
28,34
29,74
18,60
19,31
20,31
21,9
22,68
23,81
24,29
25,96
09,5
10,6
11,6
12,38
13,46
14,97
15,72
16,19
12,32
13,30
14,3
15,46
16,54
17,81
18,58
19,78
30,7
01,39
02,24
03,37
04,48
05,75
06,75
07,39
22,68
23,8
24,98
25,43
26,43
27,51
28,8
29,41
29,26
30,76
31,30
24,78
25,29
26,61
27,34
28,92
29,48
30,53
01,32
30,57
01,62
02,9
03,5
04,60
05,86
06,45
07,5
26,33
27,91
28,46
29,14
30,54
01,78
02,40
17,67
18,54
19,96
20,68
21,32
22,36
23,73
24,51
20,47
21,4
22,30
23,71
24,51
25,75
26,27
27,16
28,26
08,66
09,36
10,58
11,61
12,24
13,2
14,47
30,97
01,15
02,6
03,13
04,53
05,15
06,30
07,15
02,76
03,76
04,85
05,42
06,7
07,14
08,63
09,6
08,56
09,19
10,70
11,24
12,4
13,23
14,2
03,90
04,63
05,36
06,95
07,25
08,77
09,53
25,39
26,10
27,39
28,19
29,59
30,63
29,73
30,14
31,37
31,37
15,39
16,91
17,60
18,99
19,91
20,60
08,54
09,58
10,39
11,69
12,57
13,59
14,94
15,78
10,99
11,75
12,30
13,77
14,56
15,3
16,21
17,73
18,76
19,42
15,8
16,27
17,70
18,92
19,82
20,95
21,39
22,23
23,77
10,36
11,25
12,12
13,5
14,14
15,12
16,79
17,86
01,56
02,81
03,45
04,65
05,80
06,87
07,77
08,96
09,41
21,81
22,33
23,80
24,29
25,49
26,59
27,68
28,86
16,11
17,9
18,63
19,2
20,3
21,41
22,93
23,95
20,78
21,21
22,55
23,38
24,32
25,22
26,12
27,74
24,27
25,13
26,88
27,7
28,25
29,4
30,7
31,78
18,60
19,35
20,68
21,42
22,38
23,9
24,10
25,40
10,82
11,63
12,23
13,52
14,42
15,38
16,52
17,36
29,61
30,5
24,32
25,45
26,90
27,10
28,62
29,24
30,17
31,70
28,22
29,87
30,6
31,22
28,25
29,4
30,7
31,78
26,85
27,17
28,28
29,96
30,78
31,56
30,78
18,19
19,12
20,70
21,52
22,53
23,16
24,61
25,47
26,59
29,24
30,17
31,70
31,56
27,98
28,12
29,99
30,97
31,46
31,46
01,52
02,42
03,11
04,61
05,51
06,27
07,34
08,18
09,84
10,72
11,17
12,14
13,2
14,52
15,77
16,87
17,81
18,6
19,85
20,41
21,1
22,57
23,82
24,50
25,4
26,5
27,1
28,92
29,11
30,58
31,39
01,19
02,37
03,75
04,58
05,83
06,33
11,81
12,86
13,5
14,62
15,32
16,85
17,88
18,35
19,43
20,5
21,89
22,58
23,65
24,76
25,52
26,39
27,9
28,48
29,33
01,39
02,67
03,94
04,4
05,11
01,51
06,96
07,85
08,66
09,18
10,91
11,10
12,90
13,0
14,42
15,16
16,93
17,18
18,25
02,3
03,85
04,96
05,92
06,66
07,56
08,20
09,76
10,40
11,90
19,10
20,44
21,30
22,50
23,52
24,96
25,52
26,82
27,6
28,51
12,74
13,34
14,39
15,89
16,32
17,23
18,45
19,47
20,33
21,5
22,11
23,72
29,84
30,92
31,78
01,32
02,73
03,95
04,47
05,41
06,2
07,88
08,93
09,23
02,8
24,89
25,96
26,19
31,3
01,38
02,49
03,13
04,29
05,98
10,36
11,35
12,40
13,21
14,66
15,53
16,27
17,88
18,2
03,24
04,77
05,22
06,91
07,89
08,80
09,79
06,59
07,66
08,14
09,81
10,52
11,92
12,47
13,39
14,13
15,19
01,5
19,6
20,75
21,80
22,80
23,66
24,15
25,78
26,25
27,64
28,27
10,59
11,41
12,24
13,31
14,45
15,65
16,86
17,16
18,89
19,92
20,8
16,43
17,38
18,76
19,32
20,32
21,48
22,66
23,15
24,59
25,4
26,23
27,23
02,4
03,43
04,49
05,21
06,12
07,54
08,4
09,74
10,96
11,58
29,31
30,34
01,42
02,96
03,91
04,40
05,20
06,53
07,98
08,22
09,73
10,57
21,62
22,29
23,10
24,36
25,65
26,79
27,49
28,89
29,79
28,98
01,24
02,1
03,54
04,17
05,45
06,15
07,35
08,49
09,7
10,1
11,38
12,80
13,44
14,64
15,10
16,82
17,71
18,6
19,21
20,50
11,75
12,39
13,86
14,24
15,81
16,34
17,5
18,92
19,94
20,41
21,50
30,44
31,22
01,88
02,43
03,90
08,99
09,26
10,8
11,59
03,17
12,95
13,74
14,40
15,41
16,0
17,91
18,63
19,65
20,60
21,98
22,75
23,50
24,32
25,67
26,8
21,97
22,49
23,75
28,40
29,89
30,12
31,15
01,30
02,34
03,7
22,48
23,82
24,64
25,4
26,54
27,82
28,90
29,48
30,38
31,97
01,87
02,2
12,33
13,91
14,29
15,32
16,80
17,86
18,97
19,5
20,16
04,74
05,5
06,89
07,57
08,8
09,62
10,44
11,49
12,77
27,58
28,33
29,16
30,28
31,14
01,35
02,70
03,43
04,10
05,15
06,75
07,73
08,91
09,47
10,45
11,96
12,47
13,32
03,98
04,78
05,92
06,6
07,52
08,52
09,90
21,68
22,63
23,11
24,32
25,68
26,48
27,16
28,14
01,10
13,64
14,21
15,98
16,66
17,9
18,1
19,21
20,63
21,39
22,60
23,1
04,19
05,7
06,8
07,81
08,46
09,16
10,43
11,59
12,24
14,55
15,17
16,76
17,17
18,16
19,98
20,4
21,89
22,47
23,44
24,9
25,76
10,89
11,19
12,24
13,93
14,2
15,78
16,96
17,7
18,27
19,56
20,58
02,5
03,10
04,55
05,86
06,7
07,72
08,2
09,0
10,59
24,57
25,68
26,45
27,83
28,51
29,47
30,29
31,48
01,51
02,73
03,1
04,43
13,11
14,23
15,45
16,9
17,22
18,15
19,86
20,29
21,7
22,36
26,46
27,22
28,82
29,5
01,35
02,87
03,23
04,23
05,91
06,54
21,42
22,37
23,29
24,41
25,9
26,91
27,75
28,24
29,83
11,91
12,99
13,62
14,8
15,71
16,82
17,51
18,34
19,73
20,24
21,85
22,77
05,29
06,95
07,25
08,75
09,25
10,81
11,68
12,99
13,89
23,5
24,84
25,49
26,71
27,63
28,52
29,21
30,76
01,65
02,8
07,68
08,60
09,73
10,49
11,24
12,51
13,18
14,15
15,1
16,22
30,30
01,87
02,61
03,91
04,9
05,71
06,92
07,17
08,50
09,2
10,43
11,90
23,5
24,72
25,19
26,99
27,59
28,74
29,42
30,61
31,48
01,20
14,71
19,8
20,28
21,59
22,65
23,44
24,54
25,10
26,39
03,81
04,74
05,29
06,95
07,39
08,10
09,76
10,62
11,61
12,92
13,55
14,87
17,67
18,89
19,74
20,36
21,21
22,24
23,23
24,78
25,96
12,11
13,27
14,98
15,70
16,78
17,3
18,70
19,18
20,48
02,93
03,34
04,84
05,58
06,88
07,64
08,10
09,65
27,66
28,57
01,28
02,80
03,86
04,73
05,65
15,49
16,94
17,70
18,36
19,80
20,31
21,77
22,52
26,35
27,55
28,59
29,14
30,2
31,19
23,3
21,40
22,12
23,73
24,11
25,35
26,71
27,4
28,48
29,46
10,84
11,36
12,8
13,81
14,67
15,43
16,22
17,19
06,60
07,83
08,98
09,23
10,30
11,29
12,77
13,7
23,7
24,99
25,69
26,21
27,55
28,67
29,44
30,31
24,50
25,25
26,67
27,61
28,63
29,98
30,2
01,66
30,82
31,42
01,75
02,99
03,37
04,13
05,46
06,91
18,99
19,88
20,97
21,3
22,19
23,41
24,29
25,88
14,54
15,16
16,49
17,36
18,38
19,94
20,65
21,85
31,66
01,30
02,36
03,46
04,85
05,20
06,39
07,70
02,32
03,47
04,62
05,72
06,36
07,82
08,41
09,70
07,86
08,3
09,87
10,54
11,0
12,63
13,27
26,2
27,29
28,19
29,17
30,6
01,41
02,61
22,39
23,13
24,45
25,94
26,23
27,67
28,88
29,68
08,87
09,92
10,69
11,21
12,55
13,61
14,9
10,65
11,19
12,9
13,95
14,63
15,95
16,46
17,80
14,82
15,84
16,12
17,57
18,62
19,26
20,20
03,50
04,71
05,0
06,42
07,30
08,28
09,52
30,0
31,39
01,71
02,12
03,46
04,82
05,94
06,9
15,71
16,80
17,44
18,76
19,24
20,97
21,72
22,78
18,54
19,0
20,65
21,38
22,98
23,91
24,79
25,11
21,89
22,58
23,10
24,2
25,77
26,61
27,65
28,70
10,35
11,0
12,86
13,68
14,82
15,19
16,36
17,32
07,98
08,63
09,23
10,88
11,65
12,18
13,1
14,70
23,23
24,61
25,96
26,27
27,3
28,94
26,54
27,61
28,13
29,54
30,64
31,34
29,46
30,44
31,89
01,2
02,20
03,29
04,16
18,49
19,12
20,64
21,34
22,35
23,83
24,63
25,33
26,64
15,52
16,46
17,64
18,22
19,80
20,61
21,66
29,12
30,9
01,21
02,49
03,86
04,48
01,23
02,22
03,0
04,78
05,13
06,32
07,39
05,87
06,31
07,16
08,5
09,1
10,12
11,7
12,24
27,47
28,58
29,46
30,25
31,5
01,91
02,57
03,73
22,68
23,69
24,45
25,50
26,86
27,30
28,86
05,16
06,82
07,94
08,86
09,93
10,47
11,10
12,12
08,60
09,70
10,30
11,34
12,3
13,61
14,74
15,52
16,62
13,9
14,32
15,38
16,50
17,5
18,0
19,67
20,17
04,86
05,67
06,40
07,73
08,75
09,38
10,97
11,14
29,47
30,14
01,56
02,79
03,2
04,1
05,82
13,31
14,66
15,81
16,39
17,88
18,66
19,37
20,33
17,17
18,89
19,30
20,69
21,27
22,17
23,62
24,10
21,94
22,9
23,33
24,6
25,90
26,66
27,91
28,65
12,98
13,59
14,1
15,9
16,77
17,74
18,98
19,53
06,38
07,64
08,76
09,60
10,10
11,4
12,81
21,64
22,81
23,20
24,37
25,64
26,67
27,33
25,82
26,16
27,36
28,51
29,20
30,29
01,35
29,71
30,70
01,98
02,4
03,21
04,8
05,38
06,71
20,32
21,86
22,4
23,95
24,84
25,68
26,95
13,36
14,45
15,16
16,70
17,23
18,40
19,45
28,39
29,30
30,70
31,47
01,65
02,80
03,13
04,8
02,29
03,27
04,75
05,70
06,70
07,60
08,83
09,91
07,16
08,51
09,28
10,0
11,0
12,67
13,53
27,76
28,73
29,34
30,22
01,84
02,78
03,88
20,70
21,11
22,30
23,44
24,76
25,36
26,73
05,83
06,63
07,23
08,33
09,16
10,57
11,12
12,66
10,69
11,16
12,90
13,8
14,89
15,2
16,11
14,9
15,18
16,87
17,53
18,6
19,83
20,21
21,78
04,20
05,37
06,97
07,5
08,83
09,90
10,66
11,66
27,8
28,38
29,97
30,63
31,54
01,72
02,85
03,0
13,7
14,25
15,31
16,85
17,71
18,79
19,49
20,9
17,14
18,86
19,34
20,29
21,88
22,42
23,92
22,99
23,87
24,94
25,42
26,49
27,31
28,73
12,89
13,97
14,2
15,7
16,55
17,9
18,7
04,83
05,85
06,75
07,82
08,38
09,99
10,3
21,81
22,44
23,68
24,49
25,99
26,3
27,86
28,55
24,97
25,8
26,54
27,31
28,82
29,17
30,63
31,62
29,61
30,26
31,73
01,81
02,43
03,42
04,81
05,36
19,2
20,5
21,45
22,98
23,74
24,61
25,82
11,54
12,99
13,37
14,43
15,45
16,48
17,64
18,33
29,98
30,3
31,54
01,89
02,31
03,71
04,57
01,12
02,11
03,36
04,17
05,96
06,75
07,14
08,58
06,74
07,79
08,86
09,32
10,73
11,30
12,52
13,98
26,20
27,94
28,8
29,18
30,57
31,90
01,56
02,82
19,89
20,15
21,97
22,83
23,96
24,49
25,83
05,59
06,69
07,63
08,30
09,15
10,93
11,19
12,95
09,38
10,28
11,28
12,52
13,57
14,14
15,80
16,47
14,39
15,7
16,79
17,91
18,68
19,62
20,74
21,93
03,33
04,32
05,91
06,48
07,26
08,62
09,2
10,40
26,92
27,98
28,94
29,83
30,42
01,17
02,87
03,30
13,60
14,40
15,56
16,85
17,12
18,1
19,46
20,73
17,48
18,37
19,1
20,80
21,54
22,35
23,41
24,16
25,59
22,76
23,70
24,96
25,98
26,8
27,92
28,62
29,25
11,76
12,59
13,81
14,84
15,74
16,74
17,98
04,95
05,95
06,14
07,67
08,99
09,45
10,57
11,54
21,70
22,87
23,70
24,52
25,39
26,43
27,77
28,96
26,82
27,96
28,48
29,5
30,83
31,58
01,57
30,75
01,48
02,91
03,18
04,49
05,60
06,24
18,11
19,82
20,65
21,37
22,93
23,47
24,62
25,1
12,65
13,1
14,23
15,40
16,71
17,23
18,69
19,17
20,49
29,66
30,34
01,63
02,7
03,48
04,79
05,96
06,9
02,48
03,80
04,80
05,85
06,93
07,53
08,22
09,0
07,83
08,21
09,35
10,34
11,23
12,79
13,65
14,89
26,63
27,62
28,62
29,73
30,66
31,60
01,97
21,68
22,92
23,86
24,70
25,41
26,56
27,31
07,24
08,1
09,37
10,71
11,90
12,4
13,28
14,72
10,20
11,29
12,80
13,63
14,89
15,30
16,82
15,78
16,1
17,22
18,8
19,60
20,18
21,77
02,25
03,54
04,84
05,51
06,17
07,16
08,68
28,33
29,92
30,72
31,36
01,28
02,38
03,86
04,24
15,85
16,49
17,24
18,70
19,31
20,32
21,95
17,70
18,90
19,4
20,42
21,57
22,86
23,11
22,84
23,98
24,38
25,57
26,25
27,91
28,44
09,83
10,11
11,41
12,17
13,82
14,43
15,3
16,97
05,38
06,14
07,23
08,29
09,17
10,81
11,60
22,53
23,91
24,34
25,22
26,82
27,27
28,24
24,82
25,18
26,69
27,46
28,31
29,23
30,68
29,98
30,17
31,87
28,44
29,98
30,17
31,87
17,1
18,46
19,20
20,76
21,78
22,74
23,29
12,77
13,49
14,86
15,62
16,87
17,27
18,77
19,19
29,70
30,87
31,43
01,92
02,61
03,34
04,27
05,60
01,18
02,0
03,97
04,89
05,23
06,65
07,65
24,24
25,59
26,57
27,78
28,16
29,24
20,57
21,56
22,73
23,35
24,17
25,60
26,81
27,87
28,27
06,55
07,38
08,83
09,27
10,23
11,93
12,65
13,41
08,26
09,41
10,48
11,94
12,18
13,66
14,16
15,28
30,64
01,15
02,81
03,27
04,51
05,52
29,87
30,60
31,67
01,19
02,40
03,49
04,8
14,97
15,98
16,50
17,8
18,22
19,61
16,8
17,69
18,19
19,25
20,57
21,43
22,79
23,25
06,75
07,0
08,1
09,84
10,46
11,68
05,88
06,64
07,97
08,15
09,53
10,45
11,40
20,37
21,53
22,24
23,62
24,68
25,80
26,9
24,28
25,36
26,46
27,38
28,7
29,36
12,9
13,48
14,11
15,30
16,41
17,61
18,97
12,56
13,62
14,88
15,77
16,63
17,43
18,20
19,77
27,11
28,5
29,75
30,50
01,16
02,70
03,9
19,98
20,49
21,74
22,37
23,53
24,74
25,84
20,96
21,21
22,78
23,62
24,69
25,54
26,22
04,33
05,77
06,64
07,53
08,81
09,92
10,78
11,60
12,49
13,72
26,9
27,16
28,39
29,42
30,98
31,62
01,68
02,94
27,15
28,56
29,30
30,55
01,65
02,44
03,37
14,87
15,68
16,31
17,48
18,75
19,18
20,68
21,58
03,11
04,43
05,90
06,81
07,24
08,92
09,2
10,10
04,34
05,26
06,15
07,39
08,32
09,35
10,43
11,5
22,21
23,69
24,86
25,63
26,4
27,16
28,5
29,73
11,16
12,44
13,18
14,58
15,8
16,82
17,0
12,18
13,45
14,28
15,19
16,24
17,16
18,50
30,73
31,59
18,84
19,42
20,51
21,15
22,78
23,36
24,42
19,14
20,28
21,32
22,58
23,62
24,3
25,38
25,68
26,31
27,57
28,32
29,3
30,96
01,87
02,97
26,33
27,94
28,86
29,74
30,18
31,35
01,89
02,48
03,32
03,97
04,19
05,67
06,30
07,38
08,40
09,76
10,33
11,85
12,47
13,76
04,44
05,24
06,55
07,11
08,79
09,69
10,84
11,71
12,70
14,94
15,6
16,68
17,22
18,49
19,81
20,84
21,48
22,42
13,59
14,41
15,88
16,48
17,2
18,44
19,1
20,22
21,21
22,65
23,14
24,56
23,24
24,26
25,81
26,39
27,77
28,1
29,1
30,88
31,8
25,35
26,33
27,16
28,65
29,29
30,21
01,29
02,56
03,67
04,59
05,88
06,54
07,67
08,93
09,8
10,41
11,91
12,40
13,17
14,88
15,50
16,10
17,65
18,15
19,75
20,2
21,67
22,91
23,93
24,22
25,56
26,30
27,29
28,41
29,75
30,53
31,76
